bundle_id,bundle_name,bundle_description,bundle_type,included_products,min_lines_required,bundle_discount_type,bundle_discount_value,total_monthly_price,is_active,created_at,lastmodified
BUNDLE-001,Unlimited Family 4-Line,Four lines of Unlimited Max with Fiber 1Gig and Premium TV,family_plan,PROD-MOB-001|PROD-INT-002|PROD-TV-001,4,fixed_amount,50.00,449.96,true,2024-01-01T08:00:00Z,2026-02-04T08:00:00Z
BUNDLE-002,Unlimited Family 3-Line,Three lines of Unlimited Max with Fiber 500,family_plan,PROD-MOB-001|PROD-INT-003,3,fixed_amount,30.00,304.97,true,2024-01-01T08:00:00Z,2026-02-04T08:00:00Z
BUNDLE-003,Starter Family 4-Line,Four lines of Unlimited Plus with Fiber 300,family_plan,PROD-MOB-002|PROD-INT-004,4,fixed_amount,40.00,319.96,true,2024-01-01T08:00:00Z,2026-02-04T08:00:00Z
BUNDLE-004,Premium Family Package,Four lines of Unlimited Max with Fiber 2Gig and Premium TV and WiFi 6E Mesh,family_plan,PROD-MOB-001|PROD-INT-001|PROD-TV-001|PROD-EQP-001,4,fixed_amount,80.00,584.95,true,2023-01-01T08:00:00Z,2026-02-04T08:00:00Z
BUNDLE-005,Internet + TV Bundle,Fiber 1Gig with Premium TV package,service_bundle,PROD-INT-002|PROD-TV-001,0,fixed_amount,20.00,169.98,true,2024-01-01T08:00:00Z,2026-02-04T08:00:00Z
BUNDLE-006,Mobile + Internet Bundle,Two Unlimited Max lines with Fiber 500,service_bundle,PROD-MOB-001|PROD-INT-003,2,fixed_amount,15.00,214.99,true,2024-01-01T08:00:00Z,2026-02-04T08:00:00Z
BUNDLE-007,Device Trade-In Family Deal,Trade in 2+ devices and get family bundle discount,device_promo,PROD-DEV-002|PROD-DEV-006,2,percent_off,15.00,0.00,true,2024-06-01T08:00:00Z,2026-02-04T08:00:00Z
