recipient_id,account_id,recipient_type,email,phone,first_name,last_name,date_of_birth,age,gender,language_preference,timezone,customer_segment,engagement_score,churn_risk_score,lifetime_value,created_at,lastmodified
RCP-001,ACC-001,account_holder,zkorczyc+john001@adobetest.com,847-371-9781,John,Smith,1978-05-12,47,male,en,America/Chicago,vip,85,15,13248.00,2021-03-15T09:30:00Z,2026-02-04T08:00:00Z
RCP-002,ACC-001,line_user,zkorczyc+sarah001@adobetest.com,773-921-5840,Sarah,Smith,2006-08-22,19,female,en,America/Chicago,standard,72,20,0.00,2021-03-15T09:30:00Z,2026-02-04T08:00:00Z
RCP-003,ACC-001,line_user,zkorczyc+ryan001@adobetest.com,312-617-4128,Ryan,Smith,2008-11-15,17,male,en,America/Chicago,standard,68,22,0.00,2021-03-15T09:30:00Z,2026-02-04T08:00:00Z
RCP-004,ACC-001,line_user,zkorczyc+emily001@adobetest.com,773-899-9531,Emily,Smith,2011-03-08,14,female,en,America/Chicago,standard,55,25,0.00,2021-03-15T09:30:00Z,2026-02-04T08:00:00Z
RCP-005,ACC-002,account_holder,michael.johnson@example.com,630-305-7143,Michael,Johnson,1975-11-28,50,male,en,America/Chicago,vip,88,12,17280.00,2020-06-01T10:15:00Z,2026-02-04T08:00:00Z
RCP-006,ACC-002,line_user,jessica.johnson@demo.citisignal.com,847-371-9718,Jessica,Johnson,1976-03-14,49,female,en,America/Chicago,vip,82,14,0.00,2020-06-01T10:15:00Z,2026-02-04T08:00:00Z
RCP-007,ACC-002,line_user,alex.johnson@demo.citisignal.com,773-676-2606,Alex,Johnson,2004-07-22,21,male,en,America/Chicago,standard,75,18,0.00,2020-06-01T10:15:00Z,2026-02-04T08:00:00Z
RCP-008,ACC-002,line_user,olivia.johnson@demo.citisignal.com,630-717-1708,Olivia,Johnson,2007-09-09,18,female,en,America/Chicago,standard,70,20,0.00,2020-06-01T10:15:00Z,2026-02-04T08:00:00Z
RCP-009,ACC-003,account_holder,david.martinez@example.com,773-342-4186,David,Martinez,1982-02-18,43,male,en,America/Chicago,standard,78,25,8856.00,2022-08-20T11:00:00Z,2026-02-04T08:00:00Z
RCP-010,ACC-003,line_user,maria.martinez@demo.citisignal.com,773-680-3726,Maria,Martinez,1983-06-25,42,female,en,America/Chicago,standard,80,23,0.00,2022-08-20T11:00:00Z,2026-02-04T08:00:00Z
RCP-011,ACC-003,line_user,sophia.martinez@demo.citisignal.com,847-569-9076,Sophia,Martinez,2012-04-10,13,female,en,America/Chicago,standard,60,28,0.00,2022-08-20T11:00:00Z,2026-02-04T08:00:00Z
RCP-012,ACC-003,line_user,liam.martinez@demo.citisignal.com,847-824-9788,Liam,Martinez,2015-11-03,10,male,en,America/Chicago,standard,45,30,0.00,2022-08-20T11:00:00Z,2026-02-04T08:00:00Z
RCP-013,ACC-004,account_holder,robert.taylor@example.com,310-900-3403,Robert,Taylor,1988-09-05,37,male,en,America/Los_Angeles,vip,90,10,9798.00,2020-09-10T14:20:00Z,2026-02-04T08:00:00Z
RCP-014,ACC-004,line_user,emma.taylor@demo.citisignal.com,310-638-3777,Emma,Taylor,2016-05-15,9,female,en,America/Los_Angeles,standard,40,35,0.00,2020-09-10T14:20:00Z,2026-02-04T08:00:00Z
RCP-015,ACC-005,account_holder,james.anderson@example.com,720-979-5929,James,Anderson,1979-12-22,46,male,en,America/Denver,standard,76,27,8748.00,2022-11-05T16:45:00Z,2026-02-04T08:00:00Z
RCP-016,ACC-005,line_user,lisa.anderson@demo.citisignal.com,720-858-6641,Lisa,Anderson,1980-08-08,45,female,en,America/Denver,standard,74,28,0.00,2022-11-05T16:45:00Z,2026-02-04T08:00:00Z
RCP-017,ACC-005,line_user,noah.anderson@demo.citisignal.com,303-830-2671,Noah,Anderson,2010-01-14,16,male,en,America/Denver,standard,65,24,0.00,2022-11-05T16:45:00Z,2026-02-04T08:00:00Z
RCP-018,ACC-005,line_user,mia.anderson@demo.citisignal.com,303-960-1140,Mia,Anderson,2013-07-28,12,female,en,America/Denver,standard,58,26,0.00,2022-11-05T16:45:00Z,2026-02-04T08:00:00Z
RCP-019,ACC-006,account_holder,william.thomas@example.com,818-660-4990,William,Thomas,1985-04-17,40,male,en,America/Los_Angeles,standard,70,32,3969.00,2023-05-12T13:30:00Z,2026-02-04T08:00:00Z
RCP-020,ACC-006,line_user,ava.thomas@demo.citisignal.com,310-900-2901,Ava,Thomas,1987-10-30,38,female,en,America/Los_Angeles,standard,72,30,0.00,2023-05-12T13:30:00Z,2026-02-04T08:00:00Z
RCP-021,ACC-006,line_user,ethan.thomas@demo.citisignal.com,818-433-4692,Ethan,Thomas,2014-02-22,12,male,en,America/Los_Angeles,standard,62,28,0.00,2023-05-12T13:30:00Z,2026-02-04T08:00:00Z
RCP-022,ACC-006,line_user,isabella.thomas@demo.citisignal.com,310-446-9822,Isabella,Thomas,2017-08-05,8,female,en,America/Los_Angeles,standard,35,40,0.00,2023-05-12T13:30:00Z,2026-02-04T08:00:00Z
RCP-023,ACC-007,account_holder,zkorczyc+richard007@adobetest.com,646-641-1027,Richard,White,1970-07-11,55,male,en,America/New_York,vip,92,8,8424.00,2021-02-28T09:00:00Z,2026-02-04T08:00:00Z
RCP-024,ACC-007,line_user,zkorczyc+charlotte007@adobetest.com,718-457-3824,Charlotte,White,2009-12-20,16,female,en,America/New_York,standard,68,22,0.00,2021-02-28T09:00:00Z,2026-02-04T08:00:00Z
RCP-025,ACC-008,account_holder,charles.harris@example.com,212-579-3579,Charles,Harris,1981-03-25,44,male,en,America/New_York,vip,86,16,10128.00,2022-07-18T10:30:00Z,2026-02-04T08:00:00Z
RCP-026,ACC-008,line_user,linda.harris@demo.citisignal.com,718-281-4280,Linda,Harris,1982-11-09,43,female,en,America/New_York,vip,84,17,0.00,2022-07-18T10:30:00Z,2026-02-04T08:00:00Z
RCP-027,ACC-008,line_user,henry.harris@demo.citisignal.com,646-213-2623,Henry,Harris,2011-06-14,14,male,en,America/New_York,standard,66,24,0.00,2022-07-18T10:30:00Z,2026-02-04T08:00:00Z
RCP-028,ACC-008,line_user,amelia.harris@demo.citisignal.com,917-333-7984,Amelia,Harris,2014-09-28,11,female,en,America/New_York,standard,58,27,0.00,2022-07-18T10:30:00Z,2026-02-04T08:00:00Z
RCP-029,ACC-009,account_holder,thomas.clark@example.com,623-216-1815,Thomas,Clark,1990-01-08,36,male,en,America/Phoenix,standard,72,28,3280.00,2023-09-03T15:15:00Z,2026-02-04T08:00:00Z
RCP-030,ACC-009,line_user,patricia.clark@demo.citisignal.com,623-900-5999,Patricia,Clark,1991-07-19,34,female,en,America/Phoenix,standard,74,26,0.00,2023-09-03T15:15:00Z,2026-02-04T08:00:00Z
RCP-031,ACC-009,line_user,benjamin.clark@demo.citisignal.com,602-642-3666,Benjamin,Clark,2016-03-11,9,male,en,America/Phoenix,standard,42,38,0.00,2023-09-03T15:15:00Z,2026-02-04T08:00:00Z
RCP-032,ACC-009,line_user,harper.clark@demo.citisignal.com,623-786-9825,Harper,Clark,2019-11-25,6,female,en,America/Phoenix,standard,30,45,0.00,2023-09-03T15:15:00Z,2026-02-04T08:00:00Z
RCP-033,ACC-010,account_holder,daniel.lewis@example.com,424-925-1627,Daniel,Lewis,1968-10-30,57,male,en,America/Los_Angeles,vip,94,6,10002.00,2020-12-01T11:45:00Z,2026-02-04T08:00:00Z
RCP-034,ACC-010,line_user,barbara.lewis@demo.citisignal.com,310-636-3162,Barbara,Lewis,2008-04-16,17,female,en,America/Los_Angeles,standard,70,21,0.00,2020-12-01T11:45:00Z,2026-02-04T08:00:00Z
RCP-035,ACC-011,account_holder,matthew.walker@example.com,847-725-2104,Matthew,Walker,1977-05-20,48,male,en,America/Chicago,vip,87,14,12012.00,2021-10-15T08:30:00Z,2026-02-04T08:00:00Z
RCP-036,ACC-011,line_user,susan.walker@demo.citisignal.com,312-364-8928,Susan,Walker,1978-12-04,47,female,en,America/Chicago,vip,85,15,0.00,2021-10-15T08:30:00Z,2026-02-04T08:00:00Z
RCP-037,ACC-011,line_user,jackson.walker@demo.citisignal.com,630-979-3810,Jackson,Walker,2009-08-19,16,male,en,America/Chicago,standard,67,23,0.00,2021-10-15T08:30:00Z,2026-02-04T08:00:00Z
RCP-038,ACC-011,line_user,evelyn.walker@demo.citisignal.com,847-641-5685,Evelyn,Walker,2012-02-27,13,female,en,America/Chicago,standard,60,26,0.00,2021-10-15T08:30:00Z,2026-02-04T08:00:00Z
RCP-039,ACC-012,account_holder,christopher.hall@example.com,718-823-4221,Christopher,Hall,1983-09-12,42,male,en,America/New_York,standard,77,26,4649.00,2023-03-22T12:00:00Z,2026-02-04T08:00:00Z
RCP-040,ACC-012,line_user,jennifer.hall@demo.citisignal.com,646-927-5307,Jennifer,Hall,1984-04-26,41,female,en,America/New_York,standard,75,27,0.00,2023-03-22T12:00:00Z,2026-02-04T08:00:00Z
RCP-041,ACC-012,line_user,mason.hall@demo.citisignal.com,917-299-1993,Mason,Hall,2013-10-08,12,male,en,America/New_York,standard,58,29,0.00,2023-03-22T12:00:00Z,2026-02-04T08:00:00Z
RCP-042,ACC-012,line_user,abigail.hall@demo.citisignal.com,917-875-7691,Abigail,Hall,2016-06-21,9,female,en,America/New_York,standard,40,36,0.00,2023-03-22T12:00:00Z,2026-02-04T08:00:00Z
RCP-043,ACC-013,account_holder,mark.young@example.com,312-566-3872,Mark,Young,1995-11-30,30,male,en,America/Chicago,standard,55,40,1050.00,2024-07-10T14:20:00Z,2026-02-04T08:00:00Z
RCP-044,ACC-014,account_holder,anthony.king@example.com,312-677-8128,Anthony,King,1980-06-07,45,male,en,America/Chicago,vip,83,18,10396.00,2022-04-08T09:15:00Z,2026-02-04T08:00:00Z
RCP-045,ACC-014,line_user,nancy.king@demo.citisignal.com,630-794-2622,Nancy,King,1981-02-21,44,female,en,America/Chicago,vip,81,19,0.00,2022-04-08T09:15:00Z,2026-02-04T08:00:00Z
RCP-046,ACC-014,line_user,logan.king@demo.citisignal.com,630-257-8733,Logan,King,2010-09-16,15,male,en,America/Chicago,standard,66,24,0.00,2022-04-08T09:15:00Z,2026-02-04T08:00:00Z
RCP-047,ACC-014,line_user,ella.king@demo.citisignal.com,773-451-5672,Ella,King,2013-04-29,12,female,en,America/Chicago,standard,59,27,0.00,2022-04-08T09:15:00Z,2026-02-04T08:00:00Z
RCP-048,ACC-015,account_holder,steven.wright@example.com,646-867-8220,Steven,Wright,1987-03-14,38,male,en,America/New_York,standard,73,29,3655.00,2023-07-14T16:00:00Z,2026-02-04T08:00:00Z
RCP-049,ACC-015,line_user,karen.wright@demo.citisignal.com,646-393-8029,Karen,Wright,1988-10-28,37,female,en,America/New_York,standard,71,30,0.00,2023-07-14T16:00:00Z,2026-02-04T08:00:00Z
RCP-050,ACC-015,line_user,lucas.wright@demo.citisignal.com,646-857-3858,Lucas,Wright,2015-05-12,10,male,en,America/New_York,standard,45,35,0.00,2023-07-14T16:00:00Z,2026-02-04T08:00:00Z
RCP-051,ACC-015,line_user,aria.wright@demo.citisignal.com,718-567-1878,Aria,Wright,2018-12-26,7,female,en,America/New_York,standard,32,42,0.00,2023-07-14T16:00:00Z,2026-02-04T08:00:00Z
RCP-052,ACC-016,account_holder,paul.lopez@example.com,212-398-2996,Paul,Lopez,1973-08-23,52,male,en,America/New_York,vip,89,13,7998.00,2021-08-20T10:45:00Z,2026-02-04T08:00:00Z
RCP-053,ACC-016,line_user,betty.lopez@demo.citisignal.com,212-357-7357,Betty,Lopez,2011-03-07,14,female,en,America/New_York,standard,64,25,0.00,2021-08-20T10:45:00Z,2026-02-04T08:00:00Z
RCP-054,ACC-017,account_holder,kevin.hill@example.com,213-262-1990,Kevin,Hill,1984-12-16,41,male,en,America/Los_Angeles,vip,84,17,9780.00,2022-09-28T13:20:00Z,2026-02-04T08:00:00Z
RCP-055,ACC-017,line_user,helen.hill@demo.citisignal.com,213-235-2065,Helen,Hill,1985-07-30,40,female,en,America/Los_Angeles,vip,82,18,0.00,2022-09-28T13:20:00Z,2026-02-04T08:00:00Z
RCP-056,ACC-017,line_user,aiden.hill@demo.citisignal.com,424-815-5787,Aiden,Hill,2014-01-23,12,male,en,America/Los_Angeles,standard,59,28,0.00,2022-09-28T13:20:00Z,2026-02-04T08:00:00Z
RCP-057,ACC-017,line_user,scarlett.hill@demo.citisignal.com,310-974-3102,Scarlett,Hill,2017-10-06,8,female,en,America/Los_Angeles,standard,36,40,0.00,2022-09-28T13:20:00Z,2026-02-04T08:00:00Z
RCP-058,ACC-018,account_holder,brian.scott@example.com,646-657-7152,Brian,Scott,1991-05-04,34,male,en,America/New_York,standard,70,31,2328.00,2024-01-16T11:30:00Z,2026-02-04T08:00:00Z
RCP-059,ACC-018,line_user,sandra.scott@demo.citisignal.com,917-844-2711,Sandra,Scott,1992-11-18,33,female,en,America/New_York,standard,68,32,0.00,2024-01-16T11:30:00Z,2026-02-04T08:00:00Z
RCP-060,ACC-018,line_user,sebastian.scott@demo.citisignal.com,646-728-8078,Sebastian,Scott,2018-07-02,7,male,en,America/New_York,standard,33,43,0.00,2024-01-16T11:30:00Z,2026-02-04T08:00:00Z
RCP-061,ACC-018,line_user,victoria.scott@demo.citisignal.com,212-346-7078,Victoria,Scott,2021-03-15,4,female,en,America/New_York,standard,20,50,0.00,2024-01-16T11:30:00Z,2026-02-04T08:00:00Z
RCP-062,ACC-019,account_holder,george.green@example.com,555-971-3839,George,Green,1998-09-21,27,male,en,America/Detroit,standard,50,42,438.00,2024-11-03T15:45:00Z,2026-02-04T08:00:00Z
RCP-063,ACC-019,line_user,ashley.green@demo.citisignal.com,555-378-7622,Ashley,Green,2022-06-08,3,female,en,America/Detroit,standard,15,55,0.00,2024-11-03T15:45:00Z,2026-02-04T08:00:00Z
RCP-064,ACC-020,account_holder,edward.adams@example.com,630-794-4007,Edward,Adams,1976-02-15,49,male,en,America/Chicago,vip,91,11,11600.00,2021-12-12T08:00:00Z,2026-02-04T08:00:00Z
RCP-065,ACC-020,line_user,dorothy.adams@demo.citisignal.com,847-866-5653,Dorothy,Adams,1977-08-29,48,female,en,America/Chicago,vip,88,12,0.00,2021-12-12T08:00:00Z,2026-02-04T08:00:00Z
RCP-066,ACC-020,line_user,wyatt.adams@demo.citisignal.com,312-694-4287,Wyatt,Adams,2010-12-05,15,male,en,America/Chicago,standard,67,23,0.00,2021-12-12T08:00:00Z,2026-02-04T08:00:00Z
RCP-067,ACC-020,line_user,grace.adams@demo.citisignal.com,847-536-1722,Grace,Adams,2014-05-18,11,female,en,America/Chicago,standard,56,28,0.00,2021-12-12T08:00:00Z,2026-02-04T08:00:00Z
