product_id,product_category,product_type,product_name,product_display_name,plan_data_limit_gb,plan_unlimited,plan_hotspot_gb,plan_international,monthly_price,device_type,device_manufacturer,device_model,device_storage_gb,device_msrp,internet_speed_mbps,internet_upload_mbps,internet_connection_type,internet_unlimited,tv_channel_count,tv_includes_premium,tv_dvr_hours,equipment_type,equipment_model,equipment_monthly_fee,product_status,launch_date,retirement_date,created_at,lastmodified
PROD-MOB-001,mobile,unlimited_plan,Unlimited Max,Unlimited Max - Premium Data,50,true,20,true,75.00,,,,,,,,,,,,,,,,active,2020-01-01,,2020-01-01T08:00:00Z,2026-02-04T08:00:00Z
PROD-MOB-002,mobile,unlimited_plan,Unlimited Plus,Unlimited Plus - Standard Data,30,true,15,false,65.00,,,,,,,,,,,,,,,,active,2020-01-01,,2020-01-01T08:00:00Z,2026-02-04T08:00:00Z
PROD-MOB-003,mobile,limited_plan,Essential 5GB,Essential - 5GB Data,5,false,0,false,50.00,,,,,,,,,,,,,,,,active,2020-01-01,,2020-01-01T08:00:00Z,2026-02-04T08:00:00Z
PROD-INT-001,internet,fiber,Fiber 2 Gig,CitiSignal Fiber Max 2Gig,,,,,149.99,,,,,,2000,2000,fiber,true,,,,,,,active,2023-01-01,,2023-01-01T08:00:00Z,2026-02-04T08:00:00Z
PROD-INT-002,internet,fiber,Fiber 1 Gig,CitiSignal Fiber 1Gig,,,,,99.99,,,,,,1000,1000,fiber,true,,,,,,,active,2021-01-01,,2021-01-01T08:00:00Z,2026-02-04T08:00:00Z
PROD-INT-003,internet,fiber,Fiber 500,CitiSignal Fiber 500,,,,,79.99,,,,,,500,500,fiber,true,,,,,,,active,2020-01-01,,2020-01-01T08:00:00Z,2026-02-04T08:00:00Z
PROD-INT-004,internet,fiber,Fiber 300,CitiSignal Fiber 300,,,,,59.99,,,,,,300,300,fiber,true,,,,,,,active,2020-01-01,,2020-01-01T08:00:00Z,2026-02-04T08:00:00Z
PROD-TV-001,tv,premium,Premium TV,Premium TV - 200+ Channels,,,,,89.99,,,,,,,,,,200,true,200,,,,active,2020-01-01,,2020-01-01T08:00:00Z,2026-02-04T08:00:00Z
PROD-TV-002,tv,standard,Standard TV,Standard TV - 100+ Channels,,,,,59.99,,,,,,,,,,100,false,50,,,,active,2020-01-01,,2020-01-01T08:00:00Z,2026-02-04T08:00:00Z
PROD-DEV-001,device,smartphone,iPhone 16 Pro,Apple iPhone 16 Pro,,,,,999.00,smartphone,Apple,iPhone 16 Pro,256,999.00,,,,,,,,,,,active,2024-09-15,,2024-09-15T08:00:00Z,2026-02-04T08:00:00Z
PROD-DEV-002,device,smartphone,iPhone 16,Apple iPhone 16,,,,,799.00,smartphone,Apple,iPhone 16,128,799.00,,,,,,,,,,,active,2024-09-15,,2024-09-15T08:00:00Z,2026-02-04T08:00:00Z
PROD-DEV-003,device,smartphone,iPhone 15,Apple iPhone 15,,,,,699.00,smartphone,Apple,iPhone 15,128,699.00,,,,,,,,,,,active,2023-09-15,,2023-09-15T08:00:00Z,2026-02-04T08:00:00Z
PROD-DEV-004,device,smartphone,iPhone 14,Apple iPhone 14,,,,,599.00,smartphone,Apple,iPhone 14,128,599.00,,,,,,,,,,,active,2022-09-15,,2022-09-15T08:00:00Z,2026-02-04T08:00:00Z
PROD-DEV-005,device,smartphone,iPhone 12,Apple iPhone 12,,,,,499.00,smartphone,Apple,iPhone 12,128,499.00,,,,,,,,,,,active,2020-10-15,,2020-10-15T08:00:00Z,2026-02-04T08:00:00Z
PROD-DEV-006,device,smartphone,Galaxy S24,Samsung Galaxy S24,,,,,799.00,smartphone,Samsung,Galaxy S24,128,799.00,,,,,,,,,,,active,2024-01-15,,2024-01-15T08:00:00Z,2026-02-04T08:00:00Z
PROD-DEV-007,device,smartphone,Galaxy S23,Samsung Galaxy S23,,,,,699.00,smartphone,Samsung,Galaxy S23,128,699.00,,,,,,,,,,,active,2023-02-15,,2023-02-15T08:00:00Z,2026-02-04T08:00:00Z
PROD-DEV-008,device,smartphone,Galaxy S21,Samsung Galaxy S21,,,,,599.00,smartphone,Samsung,Galaxy S21,128,599.00,,,,,,,,,,,active,2021-01-15,,2021-01-15T08:00:00Z,2026-02-04T08:00:00Z
PROD-DEV-009,device,smartphone,Galaxy A52,Samsung Galaxy A52,,,,,449.00,smartphone,Samsung,Galaxy A52,128,449.00,,,,,,,,,,,active,2021-03-15,,2021-03-15T08:00:00Z,2026-02-04T08:00:00Z
PROD-EQP-001,equipment,router,WiFi 6E Mesh,Premium WiFi 6E Mesh System,,,,,,,,,,,,,,,,,,router,WiFi 6E Mesh,15.00,active,2023-01-01,,2023-01-01T08:00:00Z,2026-02-04T08:00:00Z
PROD-EQP-002,equipment,router,WiFi 6 Advanced,Advanced WiFi 6 Router,,,,,,,,,,,,,,,,,,router,WiFi 6 Advanced,10.00,active,2021-01-01,,2021-01-01T08:00:00Z,2026-02-04T08:00:00Z
PROD-EQP-003,equipment,router,WiFi 6 Standard,Standard WiFi 6 Router,,,,,,,,,,,,,,,,,,router,WiFi 6 Standard,5.00,active,2021-01-01,,2021-01-01T08:00:00Z,2026-02-04T08:00:00Z
PROD-EQP-004,equipment,router,WiFi 5 Basic,Basic WiFi 5 Router,,,,,,,,,,,,,,,,,,router,WiFi 5 Basic,0.00,active,2019-01-01,,2019-01-01T08:00:00Z,2026-02-04T08:00:00Z
