eligibility_id,account_id,recipient_id,offer_id,subscription_id,is_eligible,eligibility_score,eligibility_reason,disqualification_reason,estimated_savings,recommendation_priority,valid_from,valid_to,created_at,lastmodified
ELIG-001-001,ACC-001,RCP-001,OFFER-001,SUB-MOB-001,true,95,Device 48 months old and contract expired - excellent trade-in candidate,N/A,280.00,95,2026-01-01,2026-12-31,2026-01-01T00:00:00Z,2026-02-04T08:00:00Z
ELIG-001-002,ACC-001,RCP-002,OFFER-001,SUB-MOB-002,true,90,Device 48 months old and contract expired - good upgrade opportunity,N/A,280.00,90,2026-01-01,2026-12-31,2026-01-01T00:00:00Z,2026-02-04T08:00:00Z
ELIG-001-003,ACC-001,RCP-003,OFFER-002,SUB-MOB-003,true,88,Samsung device eligible for S24 upgrade,N/A,180.00,88,2026-01-01,2026-12-31,2026-01-01T00:00:00Z,2026-02-04T08:00:00Z
ELIG-001-004,ACC-001,RCP-004,OFFER-004,SUB-MOB-004,true,75,Account has high overage charges - would benefit from plan upgrade,N/A,15.00,75,2026-01-01,2026-12-31,2026-01-01T00:00:00Z,2026-02-04T08:00:00Z
ELIG-001-005,ACC-001,N/A,OFFER-003,SUB-INT-001,true,92,Internet at 97% utilization - strong candidate for 1Gig upgrade,N/A,120.00,92,2026-01-01,2026-12-31,2026-01-01T00:00:00Z,2026-02-04T08:00:00Z
ELIG-001-006,ACC-001,RCP-001,OFFER-004,N/A,true,85,VIP customer with autopay - eligible for loyalty discount,N/A,600.00,85,2026-01-01,2026-12-31,2026-01-01T00:00:00Z,2026-02-04T08:00:00Z
ELIG-001-007,ACC-001,RCP-001,OFFER-006,N/A,true,80,Family account with 4 lines - bundle upgrade opportunity,N/A,480.00,80,2026-01-01,2026-12-31,2026-01-01T00:00:00Z,2026-02-04T08:00:00Z
ELIG-002-001,ACC-002,RCP-007,OFFER-002,SUB-MOB-007,true,92,Samsung S21 - 44 months old - ready for upgrade,N/A,180.00,92,2026-01-01,2026-12-31,2026-01-01T00:00:00Z,2026-02-04T08:00:00Z
ELIG-002-002,ACC-002,RCP-008,OFFER-001,SUB-MOB-008,true,90,iPhone 12 - 50 months old - excellent trade-in value,,280.00,90,2026-01-01,2026-12-31,2026-01-01T00:00:00Z,2026-02-04T08:00:00Z
ELIG-002-003,ACC-002,RCP-005,OFFER-004,N/A,true,95,VIP customer with excellent payment history,N/A,600.00,95,2026-01-01,2026-12-31,2026-01-01T00:00:00Z,2026-02-04T08:00:00Z
ELIG-002-004,ACC-002,N/A,OFFER-008,SUB-TV-001,true,85,Already has Premium TV - loyal customer - renewal incentive,N/A,269.97,85,2026-01-01,2026-12-31,2026-01-01T00:00:00Z,2026-02-04T08:00:00Z
ELIG-003-001,ACC-003,RCP-010,OFFER-001,SUB-MOB-010,true,88,iPhone 12 - 37 months old - approaching upgrade window,,280.00,88,2026-01-01,2026-12-31,2026-01-01T00:00:00Z,2026-02-04T08:00:00Z
ELIG-003-002,ACC-003,RCP-012,OFFER-004,SUB-MOB-012,true,70,Data overage detected - plan upgrade recommended,,15.00,70,2026-01-01,2026-12-31,2026-01-01T00:00:00Z,2026-02-04T08:00:00Z
ELIG-003-003,ACC-003,N/A,OFFER-003,SUB-INT-003,true,85,Internet at 95% utilization - good candidate for speed upgrade,N/A,120.00,85,2026-01-01,2026-12-31,2026-01-01T00:00:00Z,2026-02-04T08:00:00Z
ELIG-003-004,ACC-003,RCP-009,OFFER-006,N/A,true,75,Family account with 4 lines - bundle opportunity,N/A,480.00,75,2026-01-01,2026-12-31,2026-01-01T00:00:00Z,2026-02-04T08:00:00Z
ELIG-004-001,ACC-004,RCP-014,OFFER-004,SUB-MOB-014,true,68,Data overage on 5GB plan - needs upgrade,N/A,15.00,68,2026-01-01,2026-12-31,2026-01-01T00:00:00Z,2026-02-04T08:00:00Z
ELIG-004-002,ACC-004,RCP-013,OFFER-003,SUB-INT-004,false,40,Fiber 300 at only 80% utilization,Not enough usage to justify upgrade,0.00,40,2026-01-01,2026-12-31,2026-01-01T00:00:00Z,2026-02-04T08:00:00Z
ELIG-004-003,ACC-004,RCP-013,OFFER-004,N/A,true,90,VIP customer with excellent tenure,,600.00,90,2026-01-01,2026-12-31,2026-01-01T00:00:00Z,2026-02-04T08:00:00Z
ELIG-005-001,ACC-005,RCP-018,OFFER-004,SUB-MOB-018,true,72,Data overage on 5GB plan - plan upgrade needed,,15.00,72,2026-01-01,2026-12-31,2026-01-01T00:00:00Z,2026-02-04T08:00:00Z
ELIG-005-002,ACC-005,N/A,OFFER-003,SUB-INT-005,true,88,Internet at 96% utilization - upgrade recommended,,120.00,88,2026-01-01,2026-12-31,2026-01-01T00:00:00Z,2026-02-04T08:00:00Z
ELIG-005-003,ACC-005,RCP-015,OFFER-006,N/A,true,78,Family account with 4 lines - bundle savings available,N/A,480.00,78,2026-01-01,2026-12-31,2026-01-01T00:00:00Z,2026-02-04T08:00:00Z
ELIG-005-004,ACC-005,RCP-015,OFFER-004,N/A,true,75,Good payment history with autopay,,600.00,75,2026-01-01,2026-12-31,2026-01-01T00:00:00Z,2026-02-04T08:00:00Z
ELIG-006-001,ACC-006,RCP-021,OFFER-002,SUB-MOB-021,true,85,Galaxy A52 - 33 months old - upgrade eligible,,180.00,85,2026-01-01,2026-12-31,2026-01-01T00:00:00Z,2026-02-04T08:00:00Z
ELIG-006-002,ACC-006,RCP-022,OFFER-002,SUB-MOB-022,true,85,Galaxy A52 - 33 months old - upgrade eligible,,180.00,85,2026-01-01,2026-12-31,2026-01-01T00:00:00Z,2026-02-04T08:00:00Z
ELIG-006-003,ACC-006,RCP-019,OFFER-006,N/A,true,70,Family account with 4 lines,,480.00,70,2026-01-01,2026-12-31,2026-01-01T00:00:00Z,2026-02-04T08:00:00Z
ELIG-007-001,ACC-007,RCP-023,OFFER-001,SUB-MOB-023,true,95,iPhone 12 - 60 months old - urgent upgrade needed,,280.00,95,2026-01-01,2026-12-31,2026-01-01T00:00:00Z,2026-02-04T08:00:00Z
ELIG-007-002,ACC-007,RCP-024,OFFER-004,SUB-MOB-024,true,78,Data overage detected,,15.00,78,2026-01-01,2026-12-31,2026-01-01T00:00:00Z,2026-02-04T08:00:00Z
ELIG-007-003,ACC-007,RCP-023,OFFER-004,N/A,true,92,VIP customer - excellent tenure,,600.00,92,2026-01-01,2026-12-31,2026-01-01T00:00:00Z,2026-02-04T08:00:00Z
ELIG-008-001,ACC-008,RCP-025,OFFER-001,SUB-MOB-025,true,90,iPhone 12 - 42 months old,,280.00,90,2026-01-01,2026-12-31,2026-01-01T00:00:00Z,2026-02-04T08:00:00Z
ELIG-008-002,ACC-008,RCP-026,OFFER-001,SUB-MOB-026,true,88,iPhone 12 - 42 months old,,280.00,88,2026-01-01,2026-12-31,2026-01-01T00:00:00Z,2026-02-04T08:00:00Z
ELIG-008-003,ACC-008,RCP-027,OFFER-002,SUB-MOB-027,true,86,Galaxy S21 - upgrade eligible,,180.00,86,2026-01-01,2026-12-31,2026-01-01T00:00:00Z,2026-02-04T08:00:00Z
ELIG-008-004,ACC-008,N/A,OFFER-008,SUB-TV-001,true,90,Premium TV customer - renewal incentive,N/A,269.97,90,2026-01-01,2026-12-31,2026-01-01T00:00:00Z,2026-02-04T08:00:00Z
ELIG-008-005,ACC-008,RCP-025,OFFER-006,N/A,true,85,Family account with 4 lines,,480.00,85,2026-01-01,2026-12-31,2026-01-01T00:00:00Z,2026-02-04T08:00:00Z
ELIG-008-006,ACC-008,RCP-025,OFFER-004,N/A,true,95,VIP customer,,600.00,95,2026-01-01,2026-12-31,2026-01-01T00:00:00Z,2026-02-04T08:00:00Z
ELIG-009-035,ACC-009,RCP-029,OFFER-004,N/A,true,75,Good payment history with autopay,N/A,600.00,75,2026-01-01,2026-12-31,2026-01-01T00:00:00Z,2026-02-04T08:00:00Z
ELIG-009-036,ACC-009,RCP-029,OFFER-006,N/A,true,80,Family account with 4 lines - bundle upgrade opportunity,N/A,480.00,80,2026-01-01,2026-12-31,2026-01-01T00:00:00Z,2026-02-04T08:00:00Z
ELIG-010-037,ACC-010,RCP-033,OFFER-004,N/A,true,90,VIP customer with excellent tenure,N/A,600.00,90,2026-01-01,2026-12-31,2026-01-01T00:00:00Z,2026-02-04T08:00:00Z
ELIG-010-038,ACC-010,RCP-033,OFFER-006,N/A,true,80,Family account with 2 lines - bundle upgrade opportunity,N/A,480.00,80,2026-01-01,2026-12-31,2026-01-01T00:00:00Z,2026-02-04T08:00:00Z
ELIG-010-039,ACC-010,RCP-033,OFFER-001,SUB-MOB-033,true,92,iPhone - 57 months old - upgrade eligible,N/A,236.00,92,2026-01-01,2026-12-31,2026-01-01T00:00:00Z,2026-02-04T08:00:00Z
ELIG-010-040,ACC-010,RCP-034,OFFER-004,SUB-MOB-034,true,74,Device 49 months old - plan upgrade recommended,N/A,76.50,74,2026-01-01,2026-12-31,2026-01-01T00:00:00Z,2026-02-04T08:00:00Z
ELIG-011-041,ACC-011,RCP-035,OFFER-004,N/A,true,90,VIP customer with excellent tenure,N/A,600.00,90,2026-01-01,2026-12-31,2026-01-01T00:00:00Z,2026-02-04T08:00:00Z
ELIG-011-042,ACC-011,RCP-035,OFFER-006,N/A,true,80,Family account with 4 lines - bundle upgrade opportunity,N/A,480.00,80,2026-01-01,2026-12-31,2026-01-01T00:00:00Z,2026-02-04T08:00:00Z
ELIG-011-043,ACC-011,RCP-035,OFFER-001,SUB-MOB-035,true,70,iPhone - 25 months old - upgrade eligible,N/A,300.00,70,2026-01-01,2026-12-31,2026-01-01T00:00:00Z,2026-02-04T08:00:00Z
ELIG-011-044,ACC-011,RCP-036,OFFER-001,SUB-MOB-036,true,70,iPhone - 18 months old - upgrade eligible,N/A,314.00,70,2026-01-01,2026-12-31,2026-01-01T00:00:00Z,2026-02-04T08:00:00Z
ELIG-011-045,ACC-011,RCP-037,OFFER-002,SUB-MOB-037,true,89,Samsung Galaxy - 59 months old - upgrade eligible,N/A,161.50,89,2026-01-01,2026-12-31,2026-01-01T00:00:00Z,2026-02-04T08:00:00Z
ELIG-011-046,ACC-011,RCP-038,OFFER-004,SUB-MOB-038,true,65,Device 37 months old - plan upgrade recommended,N/A,94.50,65,2026-01-01,2026-12-31,2026-01-01T00:00:00Z,2026-02-04T08:00:00Z
ELIG-012-047,ACC-012,RCP-039,OFFER-004,N/A,true,75,Good payment history with autopay,N/A,600.00,75,2026-01-01,2026-12-31,2026-01-01T00:00:00Z,2026-02-04T08:00:00Z
ELIG-012-048,ACC-012,RCP-039,OFFER-006,N/A,true,80,Family account with 4 lines - bundle upgrade opportunity,N/A,480.00,80,2026-01-01,2026-12-31,2026-01-01T00:00:00Z,2026-02-04T08:00:00Z
ELIG-012-049,ACC-012,RCP-039,OFFER-001,SUB-MOB-039,true,92,iPhone - 57 months old - upgrade eligible,N/A,236.00,92,2026-01-01,2026-12-31,2026-01-01T00:00:00Z,2026-02-04T08:00:00Z
ELIG-012-050,ACC-012,RCP-040,OFFER-001,SUB-MOB-040,true,70,iPhone - 11 months old - upgrade eligible,N/A,328.00,70,2026-01-01,2026-12-31,2026-01-01T00:00:00Z,2026-02-04T08:00:00Z
ELIG-012-051,ACC-012,RCP-041,OFFER-004,SUB-MOB-041,true,65,Device 3 months old - plan upgrade recommended,N/A,145.50,65,2026-01-01,2026-12-31,2026-01-01T00:00:00Z,2026-02-04T08:00:00Z
ELIG-012-052,ACC-012,RCP-042,OFFER-004,SUB-MOB-042,true,67,Device 42 months old - plan upgrade recommended,N/A,87.00,67,2026-01-01,2026-12-31,2026-01-01T00:00:00Z,2026-02-04T08:00:00Z
ELIG-013-053,ACC-013,RCP-043,OFFER-004,N/A,true,75,Good payment history with autopay,N/A,600.00,75,2026-01-01,2026-12-31,2026-01-01T00:00:00Z,2026-02-04T08:00:00Z
ELIG-014-054,ACC-014,RCP-044,OFFER-004,N/A,true,90,VIP customer with excellent tenure,N/A,600.00,90,2026-01-01,2026-12-31,2026-01-01T00:00:00Z,2026-02-04T08:00:00Z
ELIG-014-055,ACC-014,RCP-044,OFFER-006,N/A,true,80,Family account with 4 lines - bundle upgrade opportunity,N/A,480.00,80,2026-01-01,2026-12-31,2026-01-01T00:00:00Z,2026-02-04T08:00:00Z
ELIG-014-056,ACC-014,RCP-044,OFFER-001,SUB-MOB-044,true,88,iPhone - 53 months old - upgrade eligible,N/A,244.00,88,2026-01-01,2026-12-31,2026-01-01T00:00:00Z,2026-02-04T08:00:00Z
ELIG-014-057,ACC-014,RCP-045,OFFER-001,SUB-MOB-045,true,70,iPhone - 33 months old - upgrade eligible,N/A,284.00,70,2026-01-01,2026-12-31,2026-01-01T00:00:00Z,2026-02-04T08:00:00Z
ELIG-014-058,ACC-014,RCP-046,OFFER-002,SUB-MOB-046,true,86,Samsung Galaxy - 56 months old - upgrade eligible,N/A,166.00,86,2026-01-01,2026-12-31,2026-01-01T00:00:00Z,2026-02-04T08:00:00Z
ELIG-014-059,ACC-014,RCP-047,OFFER-004,SUB-MOB-047,true,65,Device 36 months old - plan upgrade recommended,N/A,96.00,65,2026-01-01,2026-12-31,2026-01-01T00:00:00Z,2026-02-04T08:00:00Z
ELIG-015-060,ACC-015,RCP-048,OFFER-004,N/A,true,75,Good payment history with autopay,N/A,600.00,75,2026-01-01,2026-12-31,2026-01-01T00:00:00Z,2026-02-04T08:00:00Z
ELIG-015-061,ACC-015,RCP-048,OFFER-006,N/A,true,80,Family account with 4 lines - bundle upgrade opportunity,N/A,480.00,80,2026-01-01,2026-12-31,2026-01-01T00:00:00Z,2026-02-04T08:00:00Z
ELIG-016-062,ACC-016,RCP-052,OFFER-004,N/A,true,90,VIP customer with excellent tenure,N/A,600.00,90,2026-01-01,2026-12-31,2026-01-01T00:00:00Z,2026-02-04T08:00:00Z
ELIG-016-063,ACC-016,RCP-052,OFFER-006,N/A,true,80,Family account with 2 lines - bundle upgrade opportunity,N/A,480.00,80,2026-01-01,2026-12-31,2026-01-01T00:00:00Z,2026-02-04T08:00:00Z
ELIG-016-064,ACC-016,RCP-052,OFFER-001,SUB-MOB-052,true,70,iPhone - 16 months old - upgrade eligible,N/A,318.00,70,2026-01-01,2026-12-31,2026-01-01T00:00:00Z,2026-02-04T08:00:00Z
ELIG-016-065,ACC-016,RCP-053,OFFER-004,SUB-MOB-053,true,65,Device 34 months old - plan upgrade recommended,N/A,99.00,65,2026-01-01,2026-12-31,2026-01-01T00:00:00Z,2026-02-04T08:00:00Z
ELIG-017-066,ACC-017,RCP-054,OFFER-004,N/A,true,90,VIP customer with excellent tenure,N/A,600.00,90,2026-01-01,2026-12-31,2026-01-01T00:00:00Z,2026-02-04T08:00:00Z
ELIG-017-067,ACC-017,RCP-054,OFFER-006,N/A,true,80,Family account with 4 lines - bundle upgrade opportunity,N/A,480.00,80,2026-01-01,2026-12-31,2026-01-01T00:00:00Z,2026-02-04T08:00:00Z
ELIG-017-068,ACC-017,RCP-054,OFFER-001,SUB-MOB-054,true,76,iPhone - 41 months old - upgrade eligible,N/A,268.00,76,2026-01-01,2026-12-31,2026-01-01T00:00:00Z,2026-02-04T08:00:00Z
ELIG-017-069,ACC-017,RCP-055,OFFER-001,SUB-MOB-055,true,70,iPhone - 34 months old - upgrade eligible,N/A,282.00,70,2026-01-01,2026-12-31,2026-01-01T00:00:00Z,2026-02-04T08:00:00Z
ELIG-017-070,ACC-017,RCP-056,OFFER-002,SUB-MOB-056,true,70,Samsung Galaxy - 25 months old - upgrade eligible,N/A,212.50,70,2026-01-01,2026-12-31,2026-01-01T00:00:00Z,2026-02-04T08:00:00Z
ELIG-017-071,ACC-017,RCP-057,OFFER-004,SUB-MOB-057,true,65,Device 28 months old - plan upgrade recommended,N/A,108.00,65,2026-01-01,2026-12-31,2026-01-01T00:00:00Z,2026-02-04T08:00:00Z
ELIG-018-072,ACC-018,RCP-058,OFFER-004,N/A,true,75,Good payment history with autopay,N/A,600.00,75,2026-01-01,2026-12-31,2026-01-01T00:00:00Z,2026-02-04T08:00:00Z
ELIG-018-073,ACC-018,RCP-058,OFFER-006,N/A,true,80,Family account with 4 lines - bundle upgrade opportunity,N/A,480.00,80,2026-01-01,2026-12-31,2026-01-01T00:00:00Z,2026-02-04T08:00:00Z
ELIG-019-074,ACC-019,RCP-062,OFFER-004,N/A,true,75,Good payment history with autopay,N/A,600.00,75,2026-01-01,2026-12-31,2026-01-01T00:00:00Z,2026-02-04T08:00:00Z
ELIG-019-075,ACC-019,RCP-062,OFFER-006,N/A,true,80,Family account with 2 lines - bundle upgrade opportunity,N/A,480.00,80,2026-01-01,2026-12-31,2026-01-01T00:00:00Z,2026-02-04T08:00:00Z
ELIG-020-076,ACC-020,RCP-064,OFFER-004,N/A,true,90,VIP customer with excellent tenure,N/A,600.00,90,2026-01-01,2026-12-31,2026-01-01T00:00:00Z,2026-02-04T08:00:00Z
ELIG-020-077,ACC-020,RCP-064,OFFER-006,N/A,true,80,Family account with 4 lines - bundle upgrade opportunity,N/A,480.00,80,2026-01-01,2026-12-31,2026-01-01T00:00:00Z,2026-02-04T08:00:00Z
ELIG-020-078,ACC-020,RCP-064,OFFER-001,SUB-MOB-064,true,88,iPhone - 53 months old - upgrade eligible,N/A,244.00,88,2026-01-01,2026-12-31,2026-01-01T00:00:00Z,2026-02-04T08:00:00Z
ELIG-020-079,ACC-020,RCP-065,OFFER-001,SUB-MOB-065,true,79,iPhone - 44 months old - upgrade eligible,N/A,262.00,79,2026-01-01,2026-12-31,2026-01-01T00:00:00Z,2026-02-04T08:00:00Z
ELIG-020-080,ACC-020,RCP-066,OFFER-002,SUB-MOB-066,true,89,Samsung Galaxy - 59 months old - upgrade eligible,N/A,161.50,89,2026-01-01,2026-12-31,2026-01-01T00:00:00Z,2026-02-04T08:00:00Z
ELIG-020-081,ACC-020,RCP-067,OFFER-004,SUB-MOB-067,true,65,Device 33 months old - plan upgrade recommended,N/A,100.50,65,2026-01-01,2026-12-31,2026-01-01T00:00:00Z,2026-02-04T08:00:00Z
